Keyword Text,Competition,Competition Index,Search Volume,Low Top Page Bid,High Top Page Bid
protein powder,HIGH,100,246000,0.94,2.99
whey products,HIGH,100,135000,1.00,2.18
protein whey protein,HIGH,100,135000,1.00,2.18
whey protein powder,HIGH,94,110000,0.86,2.10
best protein powder,HIGH,100,110000,0.36,1.53
protein powder whey protein,HIGH,94,110000,0.86,2.10
protein powder for muscle gain,LOW,10,74000,0.53,1.75
muscle building protein powder,LOW,10,74000,0.53,1.75
protein supplements for muscle gain,LOW,10,74000,0.53,1.75
muscle growth protein powder,LOW,10,74000,0.53,1.75
drink protein,HIGH,100,60500,1.45,2.55
iso whey protein,HIGH,100,40500,1.01,2.75
protein powder for weight loss,HIGH,90,40500,0.30,2.09
best protein shakes,HIGH,100,40500,0.34,2.57
protein supplements for weight loss,HIGH,90,40500,0.30,2.09
fat loss protein powder,HIGH,90,40500,0.30,2.09
top protein drinks,HIGH,100,40500,0.34,2.57
optimum nutrition nutrition,HIGH,100,40500,0.06,1.39
option nutrition,HIGH,100,40500,0.06,1.39
gold standard whey protein,HIGH,100,27100,0.30,1.61
protein supplements,HIGH,93,27100,0.23,0.62
best protein powder for muscle gain,HIGH,100,27100,0.40,1.63
best protein powder for weight loss,HIGH,100,27100,0.27,1.83
cleanest protein powder,HIGH,100,27100,0.69,3.47
best protein powder for building muscle,HIGH,100,27100,0.40,1.63
whey protein concentrate,LOW,23,27100,0.67,1.99
protein shakes for muscle gain,LOW,12,27100,0.55,2.18
best protein supplement for muscle gain,HIGH,100,27100,0.40,1.63
protein powder supplement,HIGH,93,27100,0.23,0.62
best protein supplement for weight loss,HIGH,100,27100,0.27,1.83
good protein powder for muscle gain,HIGH,100,27100,0.40,1.63
best protein powder for fat loss,HIGH,100,27100,0.27,1.83
healthiest protein powder for weight loss,HIGH,100,27100,0.27,1.83
protein drinks for muscle gain,LOW,12,27100,0.55,2.18
protein and supplements,HIGH,93,27100,0.23,0.62
best rated protein powder for weight loss,HIGH,100,27100,0.27,1.83
best protein shake for muscle growth,HIGH,100,27100,0.40,1.63
best protein powder for women,HIGH,100,22200,0.33,1.73
best tasting protein powder,HIGH,100,22200,0.32,1.56
supplement store,HIGH,93,22200,0.73,3.82
good tasting protein powder,HIGH,100,22200,0.32,1.56
whey protein for muscle gain,LOW,3,22200,0.68,1.98
best protein supplement for women,HIGH,100,22200,0.33,1.73
best flavored protein powder,HIGH,100,22200,0.32,1.56
best protein drinks for women,HIGH,100,22200,0.33,1.73
nice tasting protein powder,HIGH,100,22200,0.32,1.56
best tasting protein supplement,HIGH,100,22200,0.32,1.56
best protein powder for females,HIGH,100,22200,0.33,1.73
best rated protein powder for women,HIGH,100,22200,0.33,1.73
best whey protein powder,HIGH,100,18100,0.48,1.77
whey isolate protein powder,HIGH,99,18100,1.00,2.51
vanilla protein powder,HIGH,100,18100,0.42,2.05
top whey protein powders,HIGH,100,18100,0.48,1.77
iso whey protein powder,HIGH,99,18100,1.00,2.51
whey isolate powder,HIGH,99,18100,1.00,2.51
nutrition supplement,HIGH,84,18100,0.31,2.62
protein powder isolate whey,HIGH,99,18100,1.00,2.51
pe protein powder,HIGH,99,18100,0.70,2.23
top rated whey protein powder,HIGH,100,18100,0.48,1.77
optimum nutrition whey protein,HIGH,100,14800,0.30,1.95
whey protein shake,MEDIUM,40,14800,1.10,2.06
unflavored protein powder,HIGH,100,14800,0.57,1.69
protein powder weight gain,HIGH,97,14800,0.37,2.17
protein near me,MEDIUM,61,14800,1.01,6.47
supplement near me,MEDIUM,54,14800,0.68,4.85
casein protein powder,HIGH,100,12100,0.68,2.00
mass gainer protein powder,HIGH,100,12100,0.35,2.74
supplements buy online,HIGH,100,12100,0.33,0.81
best whey protein,HIGH,100,9900,0.50,2.16
protein pills,HIGH,100,9900,0.21,1.18
serious mass,HIGH,100,9900,0.34,2.14
protein powder near me,HIGH,100,9900,0.51,3.36
best tasting protein shake,HIGH,100,9900,0.57,2.25
supplement shop near me,HIGH,67,9900,0.62,3.68
top whey protein,HIGH,100,9900,0.50,2.16
most healthy protein powder,HIGH,100,9900,0.30,2.44
best tasting protein drinks,HIGH,100,9900,0.57,2.25
whey protein powder for muscle gain,LOW,2,9900,0.61,1.32
top rated whey protein,HIGH,100,9900,0.50,2.16
whey protein best whey,HIGH,100,9900,0.50,2.16
protein supplements near me,HIGH,100,9900,0.51,3.36
good whey protein,HIGH,100,9900,0.50,2.16
healthy protein supplements,HIGH,100,9900,0.30,2.44
healthiest protein supplements,HIGH,100,9900,0.30,2.44
best whey protein supplement,HIGH,100,9900,0.50,2.16
protein shakes that are good for you,LOW,14,9900,0.04,1.57
best flavored protein shakes,HIGH,100,9900,0.57,2.25
good tasting protein drinks,HIGH,100,9900,0.57,2.25
highest protein powder,HIGH,93,8100,0.65,2.20
protein supplements for women,HIGH,92,8100,0.39,2.21
whey isolate,HIGH,100,8100,1.14,2.76
high protein protein powder,HIGH,93,8100,0.65,2.20
highest quality protein powder,LOW,32,8100,0.76,4.31
levels protein powder,HIGH,100,8100,0.51,11.61
best protein,HIGH,100,8100,0.12,2.15
best protein drink,HIGH,100,8100,0.23,2.31
best rated protein drinks,HIGH,100,8100,0.23,2.31
isolate protein,HIGH,100,6600,1.00,2.37
whey protein supplements,LOW,9,6600,0.23,1.10
protein powder for women,HIGH,100,6600,0.70,2.53
low calorie protein powder,HIGH,100,6600,0.55,1.62
good protein powder,HIGH,100,6600,0.38,1.39
healthiest protein shakes,HIGH,100,6600,0.14,2.07
whey protein powder for weight loss,MEDIUM,34,6600,0.38,1.70
whey protein for weight loss,LOW,28,6600,0.25,2.00
best protein powder for women to lose weight,HIGH,100,6600,0.36,2.20
nutrition shop,MEDIUM,66,6600,0.76,3.20
healthiest protein drinks,HIGH,100,6600,0.14,2.07
optimum nutrition gold standard whey protein powder,LOW,0,6600,0.33,1.72
protein powder for muscle recovery,LOW,2,6600,0.39,1.99
whey protein for fat loss,LOW,28,6600,0.25,2.00
most healthy protein shakes,HIGH,100,6600,0.14,2.07
low calorie protein supplement,HIGH,100,6600,0.55,1.62
protein shakes for working out,LOW,8,6600,0.58,2.21
best protein powder for women and weight loss,HIGH,100,6600,0.36,2.20
optimum nutrition gold standard,HIGH,100,5400,0.35,1.91
on protein powder,HIGH,100,5400,0.32,2.13
healthy protein powder,HIGH,100,5400,0.40,2.64
cheap protein powder,HIGH,100,5400,0.91,3.29
protein sale,HIGH,100,5400,0.88,3.40
discount protein powder,HIGH,100,5400,0.91,3.29
isolate protein powder,HIGH,100,5400,1.08,2.29
whey clear protein,HIGH,100,5400,0.46,2.28
best protein powder for gaining weight,HIGH,100,5400,0.28,1.75
best protein for gaining weight,HIGH,100,5400,0.28,1.75
1 up protein,HIGH,100,5400,0.10,0.88
protein powder raw,HIGH,100,5400,0.43,5.07
discount protein shakes,HIGH,100,5400,0.91,3.29
supplement buy,HIGH,100,5400,0.39,1.76
on protein supplement,HIGH,100,5400,0.32,2.13
optimum nutrition whey,HIGH,100,4400,0.30,1.97
optimum nutrition gold standard whey protein,LOW,24,4400,0.44,2.00
vanilla whey protein powder,HIGH,100,4400,0.45,2.05
best whey isolate protein powder,HIGH,100,4400,0.66,2.48
best clean protein powder,HIGH,100,4400,0.60,3.27
best vanilla protein powder,HIGH,100,4400,0.31,1.20
whey protein benefits,LOW,24,4400,0.04,1.16
iso protein,HIGH,100,4400,0.64,1.57
bulk protein powder,HIGH,100,4400,0.61,2.60
gym supplements,HIGH,100,4400,1.17,3.99
best protein for muscle gain,HIGH,100,4400,0.49,1.87
best isolate protein powder,HIGH,100,4400,0.66,2.48
protein powder brands,HIGH,100,4400,1.00,4.28
benefits of protein powder,LOW,10,4400,0.05,1.45
supplement sale,HIGH,100,4400,0.22,0.88
raw nutrition supplements,HIGH,100,4400,1.23,2.00
benefits of protein shakes,LOW,10,4400,0.05,1.45
best iso protein powder,HIGH,100,4400,0.66,2.48
raw supplement,HIGH,100,4400,1.23,2.00
protein shake brands,HIGH,100,4400,1.00,4.28
protein powder whey vanilla,HIGH,100,4400,0.45,2.05
good clean protein powder,HIGH,100,4400,0.60,3.27
good vanilla protein powder,HIGH,100,4400,0.31,1.20
iso whey protein isolate,HIGH,100,4400,0.64,1.57
best whey isolate powder,HIGH,100,4400,0.66,2.48
top rated whey isolate protein powder,HIGH,100,4400,0.66,2.48
optimum nutrition protein powder,HIGH,100,3600,0.28,1.75
on whey protein,HIGH,100,3600,0.30,1.88
gold standard protein,HIGH,100,3600,0.32,2.25
best chocolate protein powder,HIGH,100,3600,0.33,1.83
protein powder sale,HIGH,100,3600,0.89,2.28
best protein powder for men,HIGH,100,3600,0.33,2.83
diet protein powder,HIGH,93,3600,0.80,3.38
protein shake powder,HIGH,100,3600,1.00,2.52
protein powder for men,HIGH,100,3600,0.48,2.70
protein deals,HIGH,100,3600,1.15,3.74
optimum nutrition serious mass,MEDIUM,65,3600,0.38,2.01
protein supplements for men,HIGH,100,3600,0.48,2.70
best protein shake for muscle gain,HIGH,100,3600,0.52,2.29
pure protein powder,HIGH,100,3600,0.62,2.75
hydro whey protein,HIGH,100,3600,0.47,2.76
best protein powder brands,HIGH,100,3600,0.29,1.58
one up nutrition,HIGH,100,3600,0.15,1.24
supplement online,HIGH,100,3600,0.34,14.77
protein powder natural,HIGH,100,3600,0.81,3.21
best protein for muscle gain for beginners,HIGH,100,3600,0.49,2.00
hydrowhey protein,HIGH,100,3600,0.47,2.76
best mens protein powder,HIGH,100,3600,0.33,2.83
best protein shakes for men,HIGH,100,3600,0.33,2.83
protein powder for seniors,HIGH,87,3600,0.47,2.08
cleanest protein,HIGH,100,3600,1.15,5.37
protein powder for athletes,LOW,8,3600,0.71,3.32
good protein powder brands,HIGH,100,3600,0.29,1.58
whey protein isolate for weight loss,LOW,5,3600,0.39,2.65
best protein shake brands,HIGH,100,3600,0.29,1.58
best protein shake for building muscle,HIGH,100,3600,0.52,2.29
protein supplements for seniors,HIGH,87,3600,0.47,2.08
optimum nutrition gold standard whey,MEDIUM,64,2900,0.43,2.28
top protein powders,HIGH,100,2900,0.38,1.84
protein shop near me,HIGH,76,2900,0.75,3.01
serious mass protein powder,HIGH,100,2900,0.34,1.95
protein powder samples,HIGH,100,2900,0.64,2.09
best isolate protein,HIGH,100,2900,0.67,2.69
best whey isolate,HIGH,100,2900,0.67,2.69
best organic protein powder,HIGH,100,2900,0.40,2.97
non whey protein powder,HIGH,100,2900,0.41,1.99
protein powder with creatine,HIGH,100,2900,0.36,2.62
best unflavored protein powder,HIGH,100,2900,0.45,1.85
flavoured protein powder,HIGH,100,2900,0.30,1.92
protein powder without whey,HIGH,100,2900,0.41,1.99
protein powder for women weight loss,HIGH,100,2900,0.52,2.30
whey protein for weight gain,MEDIUM,43,2900,0.29,1.78
protein powder nearby,HIGH,100,2900,0.30,2.68
whey protein shakes for weight loss,LOW,17,2900,0.55,2.36
best iso protein,HIGH,100,2900,0.67,2.69
bodybuilding protein powder,LOW,12,2900,0.67,3.30
level whey protein,HIGH,100,2900,0.50,11.66
top whey protein isolate,HIGH,100,2900,0.67,2.69
top rated whey protein isolate,HIGH,100,2900,0.67,2.69
1 up protein powder,HIGH,100,2900,0.08,0.76
best iso whey protein,HIGH,100,2900,0.67,2.69
big protein powder,HIGH,100,2900,0.38,1.84
protein powder not whey,HIGH,100,2900,0.41,1.99
best rated whey protein isolate,HIGH,100,2900,0.67,2.69
the best protein supplement,HIGH,100,2900,0.48,1.31
protein powder in water,HIGH,100,2900,0.34,1.92
optimum protein powder,HIGH,100,2400,0.22,1.75
protein shop,HIGH,95,2400,0.83,3.66
whey powder,HIGH,100,2400,0.88,1.42
protein whey,HIGH,100,2400,1.10,2.92
best whey protein isolate,HIGH,100,2400,0.70,2.68
best protein supplements,HIGH,100,2400,0.62,2.53
best protein shakes for women,HIGH,100,2400,0.71,2.61
best cheap protein powder,HIGH,100,2400,0.71,1.33
protein for women,HIGH,100,2400,0.75,4.35
bpn protein,HIGH,100,2400,0.03,2.29
protein vitamins,HIGH,100,2400,0.61,2.63
clean whey protein,HIGH,100,2400,1.08,4.69
best protein powder for muscle gain and fat loss,HIGH,100,2400,0.44,2.25
best protein powder for weight loss and muscle gain,HIGH,100,2400,0.44,2.25
protein powder reviews,HIGH,82,2400,0.22,1.49
protein store near me,HIGH,94,2400,0.49,2.83
power protein,HIGH,100,2400,0.92,4.90
best protein powder for seniors,HIGH,100,2400,0.24,1.71
protein shake with creatine,MEDIUM,46,2400,0.45,2.26
protein powder for teenager,HIGH,100,2400,0.58,3.32
best protein supplement for seniors,HIGH,100,2400,0.24,1.71
best and cheapest protein powder,HIGH,100,2400,0.71,1.33
best protein powder supplement,HIGH,100,2400,0.62,2.53
best bodybuilding protein,HIGH,100,2400,0.47,2.18
best protein shakes for weight loss and muscle gain,HIGH,100,2400,0.44,2.25
nutrition protein shakes,HIGH,100,2400,0.65,2.32
top protein supplements,HIGH,100,2400,0.62,2.53
best low cost protein powder,HIGH,100,2400,0.71,1.33
whey protein isolate protein powder,LOW,1,2400,0.72,2.09
complete protein powders,MEDIUM,51,2400,0.16,1.12
protein and creatine shake,MEDIUM,46,2400,0.45,2.26
optimum on,LOW,32,2400,1.70,94.52
optimum nutrition protein,HIGH,100,1900,0.33,2.00
gold standard protein powder,HIGH,100,1900,0.30,1.69
protein powder deals,HIGH,100,1900,1.02,3.31
optimum nutrition pre workout,HIGH,100,1900,0.40,2.82
optimum nutrition mass gainer,HIGH,100,1900,0.34,1.86
best tasting vanilla protein powder,HIGH,100,1900,0.27,1.12
protein with creatine,HIGH,100,1900,0.47,3.18
low sodium protein powder,HIGH,100,1900,0.18,1.78
best protein powder for smoothies,HIGH,100,1900,0.18,1.55
good protein powder for weight loss,HIGH,100,1900,0.38,2.08
protein store,HIGH,94,1900,0.51,3.15
the best protein powder for muscle gain,HIGH,92,1900,0.48,1.46
whey protein powder for weight gain,MEDIUM,36,1900,0.27,1.48
difference between whey protein and whey isolate,LOW,12,1900,0.10,1.86
protein powder for runners,LOW,27,1900,0.51,5.00
doctor nutrition,MEDIUM,41,1900,1.55,6.08
protein shakes for runners,LOW,27,1900,0.51,5.00
difference between whey and whey isolate,LOW,12,1900,0.10,1.86
sport nutrition shop,LOW,14,1900,0.68,4.03
difference between isolate and whey protein,LOW,12,1900,0.10,1.86
the best muscle building protein powder,HIGH,92,1900,0.48,1.46
difference between whey protein and whey protein isolate,LOW,12,1900,0.10,1.86
protein packages,HIGH,100,1900,1.04,5.24
protein packet,HIGH,100,1900,1.04,5.24
on protein,HIGH,100,1900,0.40,2.77
protein op,HIGH,94,1900,0.04,0.39
onprotein,HIGH,100,1900,0.40,2.77
on proteine,HIGH,100,1900,0.40,2.77
optimalnutrition,HIGH,97,1900,0.33,4.63
gold whey protein,HIGH,100,1600,0.36,2.56
protein tablets,HIGH,100,1600,0.25,1.12
top rated protein powder,HIGH,100,1600,0.46,2.04
best protein for women,HIGH,100,1600,0.39,2.33
whey protein for women,HIGH,81,1600,0.38,2.13
chocolate protein,HIGH,100,1600,0.75,5.34
best natural protein powder,HIGH,100,1600,0.51,2.83
true nutrition protein,HIGH,100,1600,0.66,17.98
nutrition protein powder,HIGH,99,1600,1.00,3.51
nutrition protein,HIGH,80,1600,0.50,5.82
low sugar protein powder,HIGH,100,1600,0.64,2.16
organic whey protein powder,HIGH,100,1600,1.11,3.46
protein shakes for women,HIGH,100,1600,1.20,3.27
low calorie high protein powder,HIGH,100,1600,0.59,1.95
sport supplements,HIGH,98,1600,1.20,4.39
vanilla protein,HIGH,100,1600,0.71,3.43
online supplement store,HIGH,100,1600,1.28,4.86
high protein low calorie protein powder,HIGH,100,1600,0.59,1.95
best type of protein powder,HIGH,100,1600,0.18,1.18
protein powder sample packs,HIGH,100,1600,0.63,2.41
safest protein powder,HIGH,100,1600,0.42,2.36
protein powder calories,HIGH,99,1600,1.00,3.51
women best protein,HIGH,99,1600,1.08,4.81
whey protein powder benefits,MEDIUM,36,1600,0.05,1.17
raw nutrition protein,HIGH,100,1600,0.49,9.18
whey protein cholesterol,MEDIUM,48,1600,0.28,3.72
protein shake powder for weight loss,HIGH,99,1600,0.34,2.36
the best protein drink,HIGH,100,1600,0.89,2.18
low calorie high protein protein powder,HIGH,100,1600,0.59,1.95
protein shakes for athletes,LOW,3,1600,1.14,1.84
protein powder with the highest protein,HIGH,100,1600,0.46,2.04
best natural protein supplement,HIGH,100,1600,0.51,2.83
lady whey protein,HIGH,81,1600,0.38,2.13
on nutrition,HIGH,91,1600,0.08,4.37
optimum whey protein,HIGH,100,1300,0.32,2.14
protein powder chocolate,HIGH,100,1300,0.67,2.59
best healthy protein powder,HIGH,100,1300,0.43,2.27
best whey protein for muscle gain,HIGH,98,1300,0.53,1.63
best rated protein powder,HIGH,100,1300,0.41,1.68
best tasting whey protein,HIGH,100,1300,0.33,1.66
protein mix,HIGH,100,1300,0.86,2.84
all natural protein powder,HIGH,100,1300,0.80,3.00
whey protein near me,HIGH,100,1300,0.60,3.04
clean whey protein powder,HIGH,100,1300,1.04,4.32
no sugar protein powder,HIGH,100,1300,0.52,2.09
whey protein drinks,HIGH,74,1300,1.10,2.09
whey protein nutrition facts,MEDIUM,63,1300,0.43,1.34
vitamin shoppe protein powder,HIGH,100,1300,0.83,1.19
best tasting chocolate protein powder,HIGH,100,1300,0.31,1.26
now sports whey protein isolate,HIGH,91,1300,0.46,2.19
protein powder for weight loss and muscle gain,HIGH,79,1300,0.44,2.33
protein powder with fiber,HIGH,100,1300,0.82,3.25
fit whey protein,LOW,15,1300,0.38,2.11
best protein shake powder,HIGH,100,1300,0.41,1.68
unflavored whey protein powder,HIGH,100,1300,0.93,1.78
energy protein powder,HIGH,80,1300,1.17,2.72
lactose free whey protein powder,MEDIUM,36,1300,0.24,1.78
difference between whey and isolate,LOW,9,1300,0.09,0.95
best and healthiest protein powder,HIGH,100,1300,0.43,2.27
nutrition x,LOW,4,1300,0.26,1.40
best protein for mass gain,HIGH,100,1300,0.30,2.36
protein powder for muscle gain and fat loss,HIGH,79,1300,0.44,2.33
clean ingredients protein powder,HIGH,100,1300,0.67,2.50
protein whey vanilla,HIGH,100,1300,0.65,2.46
fiber and protein powder,HIGH,100,1300,0.82,3.25
good protein supplements,HIGH,100,1300,0.41,1.68
most recommended protein powder,HIGH,100,1300,0.41,1.68
best recommended protein powder,HIGH,100,1300,0.41,1.68
best tasting chocolate protein,HIGH,100,1300,0.31,1.26
best and healthiest protein shakes,HIGH,100,1300,0.43,2.27
best healthiest protein shakes,HIGH,100,1300,0.43,2.27
protein pills for women,HIGH,100,1300,0.27,1.35
protein tablets for women,HIGH,100,1300,0.27,1.35
nutrition supplements store,HIGH,88,1300,0.26,1.76
on optimum nutrition,HIGH,100,1000,0.11,1.34
optimum protein,HIGH,100,1000,0.26,2.34
on gold standard whey,HIGH,100,1000,0.32,1.73
optimum nutrition whey isolate,HIGH,100,1000,0.37,2.04
gold protein powder,HIGH,100,1000,0.31,3.90
gold standard isolate,HIGH,100,1000,0.40,1.73
whey protein chocolate,HIGH,100,1000,0.38,2.19
gold standard whey isolate,HIGH,100,1000,0.40,1.73
optimum nutrition whey protein isolate,HIGH,100,1000,0.37,2.04
whey protein vanilla,HIGH,100,1000,0.67,2.28
best quality protein powder,HIGH,100,1000,0.54,3.08
best whey protein powder for muscle gain,HIGH,100,1000,0.48,1.72
best whey protein for women,HIGH,100,1000,0.39,1.77
5lb whey protein,HIGH,100,1000,0.35,2.49
high protein supplements,HIGH,78,1000,0.78,2.05
hydro whey,HIGH,100,1000,0.42,2.84
5lb protein powder,HIGH,100,1000,0.43,2.45
best low calorie protein powder,HIGH,100,1000,0.41,1.71
protein brands,HIGH,100,1000,1.15,5.26
supplement powder,HIGH,100,1000,1.34,5.90
pure whey protein,HIGH,100,1000,0.68,2.89
best whey protein powder for weight loss,HIGH,100,1000,0.35,1.62
gold standard isolate protein,HIGH,100,1000,0.40,1.73
whey protein with creatine,HIGH,100,1000,0.40,2.78
best protein drinks for muscle gain,HIGH,100,1000,0.81,2.13
best bulking protein powder,HIGH,100,1000,0.40,1.98
good quality protein powder,HIGH,100,1000,0.54,3.08
third party tested protein powders,HIGH,100,1000,0.91,3.63
whey protein powder nutrition facts,HIGH,79,1000,0.77,1.33
high fiber protein powder,HIGH,99,1000,0.80,3.06
high protein pills,HIGH,100,1000,0.22,1.20
now whey protein isolate,HIGH,100,1000,0.48,2.21
protein shake mix,HIGH,100,1000,1.10,3.10
whey protein ingredients,MEDIUM,62,1000,0.11,1.21
protein powder without sugar,HIGH,100,1000,0.45,1.80
workout protein,HIGH,95,1000,0.69,3.31
top whey protein brands,HIGH,100,1000,0.34,1.62
protein powder ingredients,HIGH,89,1000,0.50,2.75
nutrition company,LOW,27,1000,1.95,8.66
muscle mass protein powder,HIGH,90,1000,0.42,2.21
best whey protein brands,HIGH,100,1000,0.34,1.62
whey protein isolate benefits,MEDIUM,45,1000,0.06,0.70
fruit flavoured protein powder,HIGH,100,1000,0.58,1.80
protein supplement pills,HIGH,100,1000,0.28,1.60
whey protein and creatine,HIGH,100,1000,0.40,2.78
mens protein,HIGH,100,1000,0.75,5.28
5lbs whey protein,HIGH,100,1000,0.35,2.49
protein powder without natural flavors,HIGH,100,1000,0.94,2.80
bodybuilding whey protein,LOW,13,1000,1.10,4.21
protein powder with no sugar,HIGH,100,1000,0.45,1.80
high protein tablets,HIGH,100,1000,0.22,1.20
now foods whey protein isolate,HIGH,100,1000,0.48,2.21
top quality protein powder,HIGH,100,1000,0.54,3.08
optimum nutrition protein isolate,HIGH,100,1000,0.37,2.04
now protein isolate,HIGH,100,1000,0.48,2.21
100 protein whey,HIGH,100,1000,0.53,3.15
protein powder pills,HIGH,100,1000,0.28,1.60
protein powder all in one,HIGH,100,1000,0.45,3.47
whey pure protein,HIGH,100,1000,0.68,2.89
isolate whey protein optimum nutrition,HIGH,100,1000,0.37,2.04
now whey isolate,HIGH,100,1000,0.48,2.21
protein supplement tablets,HIGH,100,1000,0.28,1.60
gold standard 100 whey,HIGH,100,880,0.32,1.46
on whey protein powder,HIGH,100,880,0.48,1.46
weight protein,HIGH,100,880,1.10,2.81
gold standard whey protein powder,HIGH,100,880,0.31,1.51
whey protein sale,HIGH,100,880,1.00,2.67
best value protein powder,HIGH,100,880,0.71,1.43
whey chocolate protein powder,HIGH,100,880,0.36,1.89
cheap whey protein,HIGH,100,880,0.98,2.57
muscle protein powder,HIGH,100,880,1.00,3.11
bulk whey protein,HIGH,100,880,0.56,2.33
bulking protein powder,HIGH,100,880,0.46,2.29
best non whey protein powder,HIGH,100,880,0.57,2.89
best whey protein for weight loss,HIGH,100,880,0.34,2.20
best tasting protein,HIGH,100,880,0.47,2.53
whey free protein powder,HIGH,100,880,0.45,2.07
protein samples,HIGH,100,880,1.03,2.72
the best protein powder for weight loss,HIGH,100,880,0.41,2.05
best protein powder for beginners,HIGH,73,880,0.33,1.31
whey protein powder for women,HIGH,68,880,0.36,1.39
bpn protein powder,HIGH,100,880,0.04,1.69
zero sugar protein powder,HIGH,100,880,0.63,1.88
protein powder nutrition facts,MEDIUM,53,880,0.50,1.30
protein products,HIGH,100,880,0.09,2.28
whey protein pills,HIGH,99,880,0.18,0.50
best high protein powder,HIGH,100,880,0.55,1.87
casein protein shake,HIGH,100,880,1.20,2.00
100 whey protein gold standard,HIGH,100,880,0.32,1.46
best healthiest protein powder,HIGH,100,880,0.55,2.52
highest quality whey protein,HIGH,100,880,1.00,4.66
protein drink powder,HIGH,100,880,0.87,2.66
protein powder shop,HIGH,93,880,0.68,2.84
whey protein tablets,HIGH,99,880,0.18,0.50
one up protein,HIGH,100,880,0.11,1.25
protein powder store,HIGH,93,880,0.68,2.84
protein and creatine mix,HIGH,93,880,0.46,2.66
whey protein isolate shakes,HIGH,100,880,1.10,2.62
protein powder mix,HIGH,100,880,0.39,1.46
whey protein for bulking,LOW,9,880,0.55,2.34
protein creatine mix,HIGH,93,880,0.46,2.66
best value protein shakes,HIGH,100,880,0.71,1.43
protein with creatine mix,HIGH,93,880,0.46,2.66
protein powder with zero sugar,HIGH,100,880,0.63,1.88
best protein powder no whey,HIGH,100,880,0.57,2.89
on nutrition whey protein,HIGH,100,720,0.24,1.87
discount supplements,HIGH,100,720,0.85,3.57
on isolate protein,HIGH,100,720,0.80,1.80
whey protein deals,HIGH,100,720,1.10,2.83
nutrition powder,HIGH,100,720,1.51,5.09
on whey isolate,HIGH,100,720,0.80,1.80
serious mass protein,HIGH,100,720,0.34,1.97
optimum nutrition bcaa,HIGH,100,720,0.46,2.13
vegan whey protein,HIGH,100,720,1.00,2.46
good protein powder for women,HIGH,100,720,0.30,1.76
optimum nutrition casein,HIGH,100,720,0.64,2.00
healthiest whey protein,HIGH,100,720,0.48,2.44
whey concentrate,HIGH,100,720,0.86,2.08
top 10 whey protein brands in world,HIGH,100,720,0.32,1.18
bulking powder,HIGH,100,720,0.42,2.24
best protein brands,HIGH,100,720,0.43,3.07
protein bundles,HIGH,100,720,0.63,3.74
top 10 protein powder,HIGH,100,720,0.29,1.10
best tasting protein powder for weight loss,HIGH,100,720,0.29,2.30
best protein powder for muscle gain for beginners,HIGH,100,720,0.38,1.34
casein powder,HIGH,100,720,1.17,2.00
best protein powder on the market,HIGH,100,720,0.55,2.19
gold standard protein shake,HIGH,100,720,0.28,2.06
healthiest protein powder for women,HIGH,100,720,0.30,2.23
best sugar free protein powder,HIGH,100,720,0.21,1.64
hydrolyzed whey protein isolate,HIGH,100,720,0.56,2.79
protein powder 10 lbs,HIGH,100,720,0.39,2.19
best protein powder with creatine,HIGH,100,720,0.45,2.72
protein powder with amino acids,HIGH,100,720,1.17,5.33
whey protein calories,HIGH,73,720,0.75,3.15
10 lbs protein powder,HIGH,100,720,0.39,2.19
recommended protein powder,HIGH,100,720,0.32,1.59
protein powder with bcaa,HIGH,100,720,0.81,2.69
optimum nutrition serious mass weight gainer,LOW,1,720,,
top protein brands,HIGH,100,720,0.43,3.07
nutrition products,HIGH,70,720,0.57,4.27
optimum nutrition serious mass gainer,LOW,2,720,0.37,1.42
great protein powder,HIGH,100,720,0.47,2.52
top ten protein powders,HIGH,100,720,0.29,1.10
bulk isolate protein,HIGH,100,720,0.84,2.92
different protein powders,HIGH,100,720,0.18,1.31
highest quality whey protein isolate,MEDIUM,35,720,0.95,4.28
whey protein for seniors,MEDIUM,39,720,0.26,1.36
clean protein powder for women,HIGH,100,720,0.61,2.81
