Keyword Text,Competition,Competition Index,Search Volume,Low Top Page Bid,High Top Page Bid
protein shakes,HIGH,100,301000,1.33,3.34
protein powder,HIGH,100,246000,0.94,2.99
whey products,HIGH,100,135000,1.00,2.18
protein whey protein,HIGH,100,135000,1.00,2.18
whey protein powder,HIGH,94,110000,0.86,2.10
best protein powder,HIGH,100,110000,0.36,1.53
better protein powder,HIGH,100,110000,0.36,1.53
protein powder whey protein,HIGH,94,110000,0.86,2.10
muscle building protein powder,LOW,10,74000,0.53,1.75
protein powders for muscle gain,LOW,10,74000,0.53,1.75
muscle growth protein powder,LOW,10,74000,0.53,1.75
diet vegan protein powder,HIGH,100,60500,0.66,2.92
drink protein,HIGH,100,60500,1.45,2.55
mh protein,HIGH,100,49500,1.01,6.80
mpprotein,HIGH,100,49500,1.01,6.80
whey protein isolate,HIGH,100,40500,1.01,2.75
iso whey protein,HIGH,100,40500,1.01,2.75
protein powder for weight loss,HIGH,90,40500,0.30,2.09
best protein shakes,HIGH,100,40500,0.34,2.57
protein supplements for weight loss,HIGH,90,40500,0.30,2.09
top protein drinks,HIGH,100,40500,0.34,2.57
ghost protein powder,HIGH,100,33100,0.25,0.85
protein supplements,HIGH,93,27100,0.23,0.62
best protein powder for weight loss,HIGH,100,27100,0.27,1.83
clear protein,HIGH,100,27100,0.46,2.27
whey protein concentrate,LOW,23,27100,0.67,1.99
best protein powder for building muscle,HIGH,100,27100,0.40,1.63
protein powder supplement,HIGH,93,27100,0.23,0.62
best protein supplement for weight loss,HIGH,100,27100,0.27,1.83
best muscle gain protein powder,HIGH,100,27100,0.40,1.63
sports nutrition supplements,LOW,15,27100,0.49,1.12
healthiest protein powder for weight loss,HIGH,100,27100,0.27,1.83
best protein supplements for muscle gain,HIGH,100,27100,0.40,1.63
protein and supplements,HIGH,93,27100,0.23,0.62
protein drinks for muscle gain,LOW,12,27100,0.55,2.18
best protein mix for weight loss,HIGH,100,27100,0.27,1.83
best rated protein powder for weight loss,HIGH,100,27100,0.27,1.83
protein shakes muscle gain,LOW,12,27100,0.55,2.18
protein powder and supplements,HIGH,93,27100,0.23,0.62
best protein shake for muscle growth,HIGH,100,27100,0.40,1.63
best protein powder for women,HIGH,100,22200,0.33,1.73
best tasting protein powder,HIGH,100,22200,0.32,1.56
clear protein powder,HIGH,100,22200,0.39,2.15
supplement store,HIGH,93,22200,0.73,3.82
good tasting protein powder,HIGH,100,22200,0.32,1.56
best protein supplement for women,HIGH,100,22200,0.33,1.73
best protein drinks for women,HIGH,100,22200,0.33,1.73
muscle gain whey protein,LOW,3,22200,0.68,1.98
best protein powder for females,HIGH,100,22200,0.33,1.73
best rated protein powder for women,HIGH,100,22200,0.33,1.73
best whey protein powder,HIGH,100,18100,0.48,1.77
whey isolate protein powder,HIGH,99,18100,1.00,2.51
protein isolate powder,HIGH,99,18100,1.00,2.51
top whey protein powders,HIGH,100,18100,0.48,1.77
iso whey protein powder,HIGH,99,18100,1.00,2.51
whey isolate powder,HIGH,99,18100,1.00,2.51
protein powder isolate whey,HIGH,99,18100,1.00,2.51
top rated whey protein powder,HIGH,100,18100,0.48,1.77
whey protein shake,MEDIUM,40,14800,1.10,2.06
best protein drink for weight loss,HIGH,100,14800,0.36,2.41
protein near me,MEDIUM,61,14800,1.01,6.47
best protein weight loss shakes,HIGH,100,14800,0.36,2.41
supplement near me,MEDIUM,54,14800,0.68,4.85
protein drink clear,HIGH,100,14800,0.33,1.78
my myprotein,HIGH,100,14800,1.64,4.82
chocolate protein powder,HIGH,100,12100,0.49,2.53
best vegan protein powder,HIGH,100,12100,0.53,2.98
best rated vegan protein powder,HIGH,100,12100,0.53,2.98
supplements fitness,HIGH,100,12100,0.22,1.43
supplements buy online,HIGH,100,12100,0.33,0.81
best whey protein,HIGH,100,9900,0.50,2.16
healthiest protein powder,HIGH,100,9900,0.30,2.44
protein powder near me,HIGH,100,9900,0.51,3.36
protein pills,HIGH,100,9900,0.21,1.18
supplement shop near me,HIGH,67,9900,0.62,3.68
top whey protein,HIGH,100,9900,0.50,2.16
top rated whey protein,HIGH,100,9900,0.50,2.16
protein shakes that taste good,HIGH,100,9900,0.57,2.25
whey protein powder for muscle gain,LOW,2,9900,0.61,1.32
whey protein best whey,HIGH,100,9900,0.50,2.16
good whey protein,HIGH,100,9900,0.50,2.16
protein supplements near me,HIGH,100,9900,0.51,3.36
healthy protein supplements,HIGH,100,9900,0.30,2.44
best whey protein supplement,HIGH,100,9900,0.50,2.16
healthiest protein supplements,HIGH,100,9900,0.30,2.44
protein shakes that are good for you,LOW,14,9900,0.04,1.57
high protein powder,HIGH,93,8100,0.65,2.20
protein supplements for women,HIGH,92,8100,0.39,2.21
high protein protein powder,HIGH,93,8100,0.65,2.20
highest quality protein powder,LOW,32,8100,0.76,4.31
best protein drink,HIGH,100,8100,0.23,2.31
best rated protein drinks,HIGH,100,8100,0.23,2.31
protein powder for women,HIGH,100,6600,0.70,2.53
good protein powder,HIGH,100,6600,0.38,1.39
whey protein supplements,LOW,9,6600,0.23,1.10
healthiest protein shakes,HIGH,100,6600,0.14,2.07
whey protein powder for weight loss,MEDIUM,34,6600,0.38,1.70
best protein powder for women to lose weight,HIGH,100,6600,0.36,2.20
whey protein for weight loss,LOW,28,6600,0.25,2.00
healthiest protein drinks,HIGH,100,6600,0.14,2.07
best protein powder for women and weight loss,HIGH,100,6600,0.36,2.20
cheap protein powder,HIGH,100,5400,0.91,3.29
clear whey protein,HIGH,100,5400,0.46,2.28
protein sale,HIGH,100,5400,0.88,3.40
on protein powder,HIGH,100,5400,0.32,2.13
discount protein powder,HIGH,100,5400,0.91,3.29
grass fed protein powder,HIGH,100,5400,1.20,5.52
grass fed whey protein,HIGH,100,5400,1.20,4.76
whey clear protein,HIGH,100,5400,0.46,2.28
whey protein clear,HIGH,100,5400,0.46,2.28
best protein powder to gain weight,HIGH,100,5400,0.28,1.75
clear protein whey,HIGH,100,5400,0.46,2.28
inexpensive protein powder,HIGH,100,5400,0.91,3.29
1 up protein,HIGH,100,5400,0.10,0.88
discount protein shakes,HIGH,100,5400,0.91,3.29
supplement buy,HIGH,100,5400,0.39,1.76
whey grass fed protein,HIGH,100,5400,1.20,4.76
bulk protein powder,HIGH,100,4400,0.61,2.60
best whey isolate protein powder,HIGH,100,4400,0.66,2.48
protein powder brands,HIGH,100,4400,1.00,4.28
iso protein,HIGH,100,4400,0.64,1.57
gym supplements,HIGH,100,4400,1.17,3.99
ghost whey protein,HIGH,100,4400,0.26,0.89
best isolate protein powder,HIGH,100,4400,0.66,2.48
supplement sale,HIGH,100,4400,0.22,0.88
whole foods protein powder,HIGH,100,4400,0.80,1.78
best iso protein powder,HIGH,100,4400,0.66,2.48
protein shake brands,HIGH,100,4400,1.00,4.28
whey protein ghost,HIGH,100,4400,0.26,0.89
iso whey protein isolate,HIGH,100,4400,0.64,1.57
good protein drink,HIGH,100,4400,1.32,2.49
best whey isolate powder,HIGH,100,4400,0.66,2.48
top rated whey isolate protein powder,HIGH,100,4400,0.66,2.48
protein deals,HIGH,100,3600,1.15,3.74
protein powder sale,HIGH,100,3600,0.89,2.28
diet protein powder,HIGH,93,3600,0.80,3.38
protein isolate,HIGH,100,3600,1.15,2.91
best protein powder for men,HIGH,100,3600,0.33,2.83
protein supplements for men,HIGH,100,3600,0.48,2.70
on whey protein,HIGH,100,3600,0.30,1.88
protein powder for men,HIGH,100,3600,0.48,2.70
protein shake powder,HIGH,100,3600,1.00,2.52
best chocolate protein powder,HIGH,100,3600,0.33,1.83
best protein powder brands,HIGH,100,3600,0.29,1.58
diet protein shakes,HIGH,93,3600,0.80,3.38
supplement online,HIGH,100,3600,0.34,14.77
purest protein powder,HIGH,100,3600,0.62,2.75
best protein for muscle gain for beginners,HIGH,100,3600,0.49,2.00
best protein shakes for men,HIGH,100,3600,0.33,2.83
best mens protein powder,HIGH,100,3600,0.33,2.83
best protein powder reddit,HIGH,87,3600,0.65,7.26
protein powder for seniors,HIGH,87,3600,0.47,2.08
protein powder for athletes,LOW,8,3600,0.71,3.32
good protein powder brands,HIGH,100,3600,0.29,1.58
diet protein drinks,HIGH,93,3600,0.80,3.38
whey protein isolate for weight loss,LOW,5,3600,0.39,2.65
best protein shake brands,HIGH,100,3600,0.29,1.58
protein shake before workout,LOW,9,3600,0.02,0.64
best protein shake for building muscle,HIGH,100,3600,0.52,2.29
protein supplements for seniors,HIGH,87,3600,0.47,2.08
my protein clear whey,HIGH,100,2900,0.43,2.83
myprotein clear whey,HIGH,100,2900,0.43,2.83
top protein powders,HIGH,100,2900,0.38,1.84
protein shop near me,HIGH,76,2900,0.75,3.01
flavoured protein powder,HIGH,100,2900,0.30,1.92
best whey isolate,HIGH,100,2900,0.67,2.69
grass fed whey protein isolate,HIGH,100,2900,1.20,4.85
best isolate protein,HIGH,100,2900,0.67,2.69
sugar free protein powder,HIGH,100,2900,0.37,1.93
protein powder with creatine,HIGH,100,2900,0.36,2.62
protein powder without whey,HIGH,100,2900,0.41,1.99
grass fed whey isolate,HIGH,100,2900,1.20,4.85
protein powder for women weight loss,HIGH,100,2900,0.52,2.30
supplement wholesalers,HIGH,87,2900,0.17,0.72
protein powder nearby,HIGH,100,2900,0.30,2.68
whey protein shakes for weight loss,LOW,17,2900,0.55,2.36
best clear protein,HIGH,100,2900,0.38,2.50
weight loss powders,HIGH,100,2900,1.43,9.92
best iso protein,HIGH,100,2900,0.67,2.69
bodybuilding protein powder,LOW,12,2900,0.67,3.30
top whey protein isolate,HIGH,100,2900,0.67,2.69
grass fed protein isolate,HIGH,100,2900,1.20,4.85
top rated whey protein isolate,HIGH,100,2900,0.67,2.69
best iso whey protein,HIGH,100,2900,0.67,2.69
1 up protein powder,HIGH,100,2900,0.08,0.76
6 star whey protein,HIGH,100,2900,0.24,1.33
big protein powder,HIGH,100,2900,0.38,1.84
protein powder after workout,MEDIUM,48,2900,0.03,2.59
protein powder not whey,HIGH,100,2900,0.41,1.99
protein shakes after workout,MEDIUM,48,2900,0.03,2.59
grassfed whey protein isolate,HIGH,100,2900,1.20,4.85
best rated whey protein isolate,HIGH,100,2900,0.67,2.69
the best protein supplement,HIGH,100,2900,0.48,1.31
grass fed isolate protein,HIGH,100,2900,1.20,4.85
protein whey,HIGH,100,2400,1.10,2.92
whey powder,HIGH,100,2400,0.88,1.42
protein shop,HIGH,95,2400,0.83,3.66
best cheap protein powder,HIGH,100,2400,0.71,1.33
best whey protein isolate,HIGH,100,2400,0.70,2.68
best protein supplement,HIGH,100,2400,0.62,2.53
best protein shakes for women,HIGH,100,2400,0.71,2.61
protein for women,HIGH,100,2400,0.75,4.35
optimum protein powder,HIGH,100,2400,0.22,1.75
protein chocolate,HIGH,100,2400,0.70,2.72
protein vitamins,HIGH,100,2400,0.61,2.63
protein powder reviews,HIGH,82,2400,0.22,1.49
protein store near me,HIGH,94,2400,0.49,2.83
complete protein powder,MEDIUM,51,2400,0.16,1.12
power protein,HIGH,100,2400,0.92,4.90
best protein powder for seniors,HIGH,100,2400,0.24,1.71
best protein for weight loss and muscle gain,HIGH,100,2400,0.44,2.25
protein powder for teenager,HIGH,100,2400,0.58,3.32
protein shake with creatine,MEDIUM,46,2400,0.45,2.26
best protein supplement for seniors,HIGH,100,2400,0.24,1.71
best and cheapest protein powder,HIGH,100,2400,0.71,1.33
best protein for bodybuilding,HIGH,100,2400,0.47,2.18
protein shakes for teenagers,HIGH,100,2400,0.58,3.32
best protein powder supplement,HIGH,100,2400,0.62,2.53
best protein shakes for weight loss and muscle gain,HIGH,100,2400,0.44,2.25
top protein supplements,HIGH,100,2400,0.62,2.53
nutrition protein shakes,HIGH,100,2400,0.65,2.32
nutritious protein shakes,HIGH,100,2400,0.65,2.32
best low cost protein powder,HIGH,100,2400,0.71,1.33
best protein powder for muscle gain and weight loss,HIGH,100,2400,0.44,2.25
whey protein isolate protein powder,LOW,1,2400,0.72,2.09
protein and creatine shake,MEDIUM,46,2400,0.45,2.26
myprotein us,HIGH,100,1900,1.76,6.76
impact whey protein,HIGH,100,1900,0.40,2.49
protein powder deals,HIGH,100,1900,1.02,3.31
clear whey isolate,HIGH,100,1900,0.50,2.13
protein store,HIGH,94,1900,0.51,3.15
fruit protein powder,HIGH,100,1900,0.40,1.89
protein with creatine,HIGH,100,1900,0.47,3.18
good protein powder for weight loss,HIGH,100,1900,0.38,2.08
best vegetarian protein powder,HIGH,100,1900,0.79,3.72
the best protein powder for muscle gain,HIGH,92,1900,0.48,1.46
difference between whey protein and whey isolate,LOW,12,1900,0.10,1.86
sport nutrition shop,LOW,14,1900,0.68,4.03
difference between whey and whey isolate,LOW,12,1900,0.10,1.86
best plant protein powders,HIGH,100,1900,0.53,3.00
out of date protein powder,LOW,10,1900,0.02,0.15
difference between isolate and whey protein,LOW,12,1900,0.10,1.86
sports nutrition store,LOW,14,1900,0.68,4.03
the best muscle building protein powder,HIGH,92,1900,0.48,1.46
difference between whey protein and whey protein isolate,LOW,12,1900,0.10,1.86
protein packet,HIGH,100,1900,1.04,5.24
protein premium,HIGH,100,1900,1.28,3.04
sports supplement shop,LOW,14,1900,0.68,4.03
myprotein whey isolate,HIGH,93,1600,0.54,3.25
my protein whey isolate,HIGH,93,1600,0.54,3.25
clear whey,HIGH,100,1600,0.58,2.32
myprotein clear whey isolate,LOW,20,1600,0.52,2.59
top rated protein powder,HIGH,100,1600,0.46,2.04
best protein for women,HIGH,100,1600,0.39,2.33
sport supplements,HIGH,98,1600,1.20,4.39
whey protein for women,HIGH,81,1600,0.38,2.13
protein tablets,HIGH,100,1600,0.25,1.12
my protein creatine,HIGH,93,1600,1.00,2.81
protein shakes for women,HIGH,100,1600,1.20,3.27
grass fed protein,HIGH,100,1600,1.20,6.39
nutrition protein powder,HIGH,99,1600,1.00,3.51
online supplement store,HIGH,100,1600,1.28,4.86
chocolate protein,HIGH,100,1600,0.75,5.34
nutrition protein,HIGH,80,1600,0.50,5.82
gym supplements near me,HIGH,95,1600,0.64,3.41
safest protein powder,HIGH,100,1600,0.42,2.36
best type of protein powder,HIGH,100,1600,0.18,1.18
whey protein isolate myprotein,HIGH,93,1600,0.54,3.25
women best protein,HIGH,99,1600,1.08,4.81
no flavour protein powder,HIGH,100,1600,0.38,1.33
my protein creatine monohydrate,LOW,18,1600,0.89,2.40
protein shake powder for weight loss,HIGH,99,1600,0.34,2.36
pre workout protein shake,MEDIUM,58,1600,0.84,2.68
the best protein drink,HIGH,100,1600,0.89,2.18
best clear protein powder,HIGH,100,1600,0.37,2.44
ghost protein review,HIGH,90,1600,0.48,1.49
supplement shop online,HIGH,100,1600,1.28,4.86
myprotein iso whey,HIGH,93,1600,0.54,3.25
myprotein isolate protein,HIGH,93,1600,0.54,3.25
best milk free protein powder,HIGH,100,1600,0.49,2.46
protein shakes for athletes,LOW,3,1600,1.14,1.84
50 g protein shake,HIGH,100,1600,0.26,2.44
whey protein isolate my protein,HIGH,93,1600,0.54,3.25
protein powder with the highest protein,HIGH,100,1600,0.46,2.04
whey isolate protein myprotein,HIGH,93,1600,0.54,3.25
myprotein isolate whey protein,HIGH,93,1600,0.54,3.25
lady whey protein,HIGH,81,1600,0.38,2.13
myprotein impact whey protein,LOW,9,1300,0.51,2.77
myprotein impact whey isolate,LOW,23,1300,0.51,2.84
best rated protein powder,HIGH,100,1300,0.41,1.68
high impact protein,HIGH,100,1300,0.43,3.16
grass fed whey,HIGH,100,1300,1.20,4.88
protein mix,HIGH,100,1300,0.86,2.84
no sugar protein powder,HIGH,100,1300,0.52,2.09
whey protein near me,HIGH,100,1300,0.60,3.04
now sports whey protein isolate,HIGH,91,1300,0.46,2.19
whey protein drinks,HIGH,74,1300,1.10,2.09
vitamin shoppe protein powder,HIGH,100,1300,0.83,1.19
fit whey protein,LOW,15,1300,0.38,2.11
protein powder for weight loss and muscle gain,HIGH,79,1300,0.44,2.33
best protein shake powder,HIGH,100,1300,0.41,1.68
ghost whey protein powder,LOW,13,1300,0.30,1.04
best and healthiest protein powder,HIGH,100,1300,0.43,2.27
protein powder for women over 50,HIGH,70,1300,0.39,2.23
difference between isolate and whey,LOW,9,1300,0.09,0.95
best protein powder for teenagers,HIGH,100,1300,0.30,2.67
gym supplement shop near me,HIGH,91,1300,0.74,3.47
good protein supplements,HIGH,100,1300,0.41,1.68
most recommended protein powder,HIGH,100,1300,0.41,1.68
best protein powder healthy,HIGH,100,1300,0.43,2.27
best recommended protein powder,HIGH,100,1300,0.41,1.68
best and healthiest protein shakes,HIGH,100,1300,0.43,2.27
myprotein impact whey protein isolate,LOW,23,1300,0.51,2.84
protein shakes for women over 50,HIGH,70,1300,0.39,2.23
best healthiest protein shakes,HIGH,100,1300,0.43,2.27
now sports whey isolate,HIGH,91,1300,0.46,2.19
protein supplements for women over 50,HIGH,70,1300,0.39,2.23
protein brands,HIGH,100,1000,1.15,5.26
bulk protein,HIGH,100,1000,0.75,3.16
best quality protein powder,HIGH,100,1000,0.54,3.08
whey protein chocolate,HIGH,100,1000,0.38,2.19
best whey protein for women,HIGH,100,1000,0.39,1.77
best whey protein powder for muscle gain,HIGH,100,1000,0.48,1.72
high protein supplements,HIGH,78,1000,0.78,2.05
rule 1 protein powder,HIGH,100,1000,0.44,2.91
supplement powder,HIGH,100,1000,1.34,5.90
best whey protein powder for weight loss,HIGH,100,1000,0.35,1.62
chocolate whey protein powder,HIGH,100,1000,0.35,1.96
5lb protein powder,HIGH,100,1000,0.43,2.45
good quality protein powder,HIGH,100,1000,0.54,3.08
whey protein with creatine,HIGH,100,1000,0.40,2.78
now whey protein isolate,HIGH,100,1000,0.48,2.21
third party tested protein powders,HIGH,100,1000,0.91,3.63
protein shake mix,HIGH,100,1000,1.10,3.10
protein powder without sugar,HIGH,100,1000,0.45,1.80
whey protein 5lb,HIGH,100,1000,0.35,2.49
top whey protein brands,HIGH,100,1000,0.34,1.62
fruit flavoured protein powder,HIGH,100,1000,0.58,1.80
workout protein,HIGH,95,1000,0.69,3.31
best whey protein brands,HIGH,100,1000,0.34,1.62
liquid protein supplement,LOW,28,1000,0.47,2.60
whey protein and creatine,HIGH,100,1000,0.40,2.78
nutrition company,LOW,27,1000,1.95,8.66
mens protein,HIGH,100,1000,0.75,5.28
protein powder with no sugar,HIGH,100,1000,0.45,1.80
rule one protein powder,HIGH,100,1000,0.44,2.91
now foods whey protein isolate,HIGH,100,1000,0.48,2.21
bodybuilding whey protein,LOW,13,1000,1.10,4.21
top quality protein powder,HIGH,100,1000,0.54,3.08
now protein isolate,HIGH,100,1000,0.48,2.21
ghost protein powder review,HIGH,91,1000,0.31,0.92
protein powder all in one,HIGH,100,1000,0.45,3.47
best protein drink for muscle gain,HIGH,100,1000,0.81,2.13
now whey isolate,HIGH,100,1000,0.48,2.21
liquid protein powder,LOW,28,1000,0.47,2.60
whey ghost,HIGH,100,1000,0.29,1.05
my protein powder,HIGH,100,880,0.50,3.23
impact whey isolate,HIGH,100,880,0.50,2.74
impact protein,HIGH,100,880,1.01,3.98
myprotein impact whey,HIGH,69,880,0.44,2.76
my protein impact whey,HIGH,69,880,0.44,2.76
whey protein sale,HIGH,100,880,1.00,2.67
myprotein review,HIGH,80,880,0.48,2.62
best value protein powder,HIGH,100,880,0.71,1.43
cheap whey protein,HIGH,100,880,0.98,2.57
bulk whey protein,HIGH,100,880,0.56,2.33
weight protein,HIGH,100,880,1.10,2.81
best grass fed whey protein,HIGH,100,880,0.70,4.29
best whey protein for weight loss,HIGH,100,880,0.34,2.20
on whey protein powder,HIGH,100,880,0.48,1.46
muscle protein powder,HIGH,100,880,1.00,3.11
whey free protein powder,HIGH,100,880,0.45,2.07
best protein powder for women over 50,HIGH,100,880,0.27,1.67
the best protein powder for weight loss,HIGH,100,880,0.41,2.05
best protein powder for beginners,HIGH,73,880,0.33,1.31
whey protein powder for women,HIGH,68,880,0.36,1.39
best high protein powder,HIGH,100,880,0.55,1.87
protein products,HIGH,100,880,0.09,2.28
the best protein shakes for weight loss,HIGH,100,880,0.41,2.05
best healthiest protein powder,HIGH,100,880,0.55,2.52
best flavour protein powder,HIGH,100,880,0.40,1.85
protein powder shop,HIGH,93,880,0.68,2.84
highest quality whey protein,HIGH,100,880,1.00,4.66
protein drink powder,HIGH,100,880,0.87,2.66
6 star protein,HIGH,100,880,0.35,2.18
protein and creatine mix,HIGH,93,880,0.46,2.66
whey protein isolate shakes,HIGH,100,880,1.10,2.62
protein powder store,HIGH,93,880,0.68,2.84
protein powder mix,HIGH,100,880,0.39,1.46
impact whey my protein,HIGH,69,880,0.44,2.76
best protein shake after workout,HIGH,100,880,0.50,2.48
protein creatine mix,HIGH,93,880,0.46,2.66
best value protein shakes,HIGH,100,880,0.71,1.43
reddit best protein powder,MEDIUM,66,880,0.80,7.81
protein powder reddit,MEDIUM,62,880,,
best protein powder no whey,HIGH,100,880,0.57,2.89
best protein shakes healthy,HIGH,100,880,0.55,2.52
protein supplement shop,HIGH,93,880,0.68,2.84
pro supplement,HIGH,100,880,2.49,12.67
discount supplements,HIGH,100,720,0.85,3.57
whey protein deals,HIGH,100,720,1.10,2.83
nutrition powder,HIGH,100,720,1.51,5.09
clear whey isolate protein,HIGH,100,720,0.50,2.41
whey concentrate,HIGH,100,720,0.86,2.08
vegan whey protein,HIGH,100,720,1.00,2.46
good protein powder for women,HIGH,100,720,0.30,1.76
on nutrition whey protein,HIGH,100,720,0.24,1.87
best protein brands,HIGH,100,720,0.43,3.07
top 10 whey protein brands in world,HIGH,100,720,0.32,1.18
top 10 protein powder,HIGH,100,720,0.29,1.10
protein bundles,HIGH,100,720,0.63,3.74
diesel protein powder,HIGH,100,720,0.37,1.95
best grass fed protein powder,HIGH,100,720,0.70,4.05
best protein powder on the market,HIGH,100,720,0.55,2.19
healthiest protein powder for women,HIGH,100,720,0.30,2.23
best protein powder for muscle gain for beginners,HIGH,100,720,0.38,1.34
best sugar free protein powder,HIGH,100,720,0.21,1.64
on isolate protein,HIGH,100,720,0.80,1.80
protein blend,HIGH,100,720,1.12,3.57
pistachio protein powder,HIGH,100,720,0.29,1.96
protein powder with amino acids,HIGH,100,720,1.17,5.33
cookies and cream whey protein,HIGH,100,720,0.37,2.62
best protein powder with creatine,HIGH,100,720,0.45,2.72
recommended protein powder,HIGH,100,720,0.32,1.59
clear protein shake,HIGH,100,720,0.30,2.10
top protein brands,HIGH,100,720,0.43,3.07
gym supplements shop,HIGH,94,720,0.87,3.59
protein powder with bcaa,HIGH,100,720,0.81,2.69
top ten protein powders,HIGH,100,720,0.29,1.10
great protein powder,HIGH,100,720,0.47,2.52
10 pound protein powder,HIGH,100,720,0.39,2.19
ghost whey protein review,HIGH,93,720,0.44,1.51
whey isolate on,HIGH,100,720,0.80,1.80
different protein powders,HIGH,100,720,0.18,1.31
highest quality whey protein isolate,MEDIUM,35,720,0.95,4.28
whey protein substitute,HIGH,100,720,0.52,2.52
whey protein for seniors,MEDIUM,39,720,0.26,1.36
good quality whey protein powder,MEDIUM,44,720,0.73,3.40
recommended protein shakes,HIGH,100,720,0.32,1.59
tastiest protein shakes,HIGH,100,720,0.76,2.55
protein flavour,HIGH,100,720,1.12,3.16
best quality whey protein powder,MEDIUM,44,720,0.73,3.40
best protein powder grass fed,HIGH,100,720,0.70,4.05
most healthy whey protein,HIGH,100,720,0.48,2.44
best protein and creatine powder,HIGH,100,720,0.45,2.72
best sugar free protein shake,HIGH,100,720,0.21,1.64
protein shake with amino acids,HIGH,100,720,1.17,5.33
protein powder high quality,LOW,7,720,1.04,5.01
healthy protein shakes for women,HIGH,100,720,0.30,2.23
healthiest protein shakes for women,HIGH,100,720,0.30,2.23
myprotein whey,HIGH,88,590,0.53,3.89
gym protein,HIGH,100,590,0.49,3.49
whey protein my protein,HIGH,88,590,0.53,3.89
white chocolate protein powder,HIGH,100,590,0.63,1.94
best protein powder for weight loss male,HIGH,100,590,0.46,2.11
the best protein powder for women,HIGH,100,590,0.39,1.82
r1 protein,HIGH,100,590,0.47,4.41
quality protein powder,HIGH,100,590,0.65,3.23
clear whey protein isolate,HIGH,100,590,0.59,2.50
best post workout protein,HIGH,100,590,0.54,3.47
whey protein nutrition,HIGH,87,590,1.10,1.64
all in one protein,HIGH,100,590,0.60,3.79
now protein powder,HIGH,100,590,0.33,1.62
best workout protein powder,HIGH,100,590,0.48,1.72
workout protein powder,HIGH,89,590,0.69,2.68
100 whey isolate,HIGH,100,590,0.96,2.98
top 5 protein powders,HIGH,100,590,0.34,1.38
clear protein isolate,HIGH,100,590,0.52,2.43
protein powder supplier,MEDIUM,37,590,0.58,12.29
whey protein blend,HIGH,87,590,0.73,1.74
best price protein powder,HIGH,100,590,0.77,2.19
whey protein brands,HIGH,100,590,0.61,2.24
protein powder for beginners,HIGH,95,590,0.32,1.55
whey isolate clear,HIGH,100,590,0.59,2.50
healthiest protein shakes for weight loss,HIGH,100,590,0.26,2.59
protein powder manufacturer,MEDIUM,37,590,0.58,12.29
protein powder shop near me,HIGH,93,590,0.64,3.14
protein pre workout,HIGH,100,590,0.88,2.94
calories in protein powder,HIGH,86,590,0.39,1.49
best gym protein powder,HIGH,100,590,0.48,1.72
compare protein powder,HIGH,88,590,0.16,1.34
protein manufacturer,LOW,23,590,0.79,16.78
protein supplement manufacturers,MEDIUM,37,590,0.58,12.29
whey protein flavours,HIGH,100,590,0.17,1.25
health supplements near me,HIGH,86,590,0.99,3.78
best vegan protein supplement,HIGH,100,590,0.62,3.57
whey protein reviews,HIGH,91,590,0.30,1.21
protein powder white chocolate,HIGH,100,590,0.63,1.94
protein supplement shop near me,HIGH,93,590,0.64,3.14
protein powder with 30 grams of protein,HIGH,100,590,1.24,2.64
protein shakes for beginners,HIGH,95,590,0.32,1.55
protein powder 30 grams,HIGH,100,590,0.62,1.75
top 5 protein shakes,HIGH,100,590,0.34,1.38
protein and pre workout,HIGH,100,590,0.88,2.94
now foods protein powder,HIGH,100,590,0.33,1.62
real sugar protein powder,HIGH,100,590,0.62,2.32
flavoured whey protein,HIGH,100,590,0.17,1.25
compare protein shakes,HIGH,88,590,0.16,1.34
protein powder store near me,HIGH,93,590,0.64,3.14
whey protein powder nearby,HIGH,100,590,0.30,2.22
